<?xml version="1.0" encoding="UTF-8"?>
<!DOCTYPE struts PUBLIC
"-//Apache Software Foundation//DTD Struts Configuration 2.5//EN"
"http://struts.apache.org/dtds/struts-2.5.dtd">
<struts>
	<constant name="struts.devMode" value="true" />
	<package name="SDL_Struts2CRUD" extends="struts-default">
	
	<action name="registeruser" class="com.lithan.action.RegisterAction">
			<result name="REGISTER">/register.jsp</result>
	</action>
		
		
	<action name="report" class="com.lithan.action.ReportAction">
			<result name="REPORT">/report.jsp</result>
	</action>
	
	
	</package>
</struts>